{
  "baseline_stats": {
    "rms_mean": 0.004067086949321603,
    "rms_std": 0.004584790893851969,
    "rms_p10": 0.000126007164362818,
    "rms_p90": 0.009868475794792178,
    "centroid_mean": 3983.825649839787,
    "centroid_std": 1269.4266457135734,
    "zcr_mean": 0.13227801424562521,
    "zcr_std": 0.06076263247645412
  },
  "sample_rate": 48000,
  "calibration_audio": "..\\robotic\\1010baseline.wav",
  "recommended_config": {
    "enable_vad": true,
    "enable_adaptive_threshold": true,
    "min_event_duration": 0.3,
    "silence_rms_threshold": 0.005,
    "noise_zcr_threshold": 0.25380327919853346
  }
}